Problem,Algorithm,n_evals,time,IGD
DTLZ1,NSGA2,91,0.0,93.84091875637199
DTLZ1,NSGA2,182,0.015591300000000086,81.7737191717051
DTLZ1,NSGA3,91,0.0,93.84091875637199
DTLZ1,NSGA3,182,0.015456899999999996,93.84091875637199
DTLZ2,NSGA2,91,0.0,0.41619261323217177
DTLZ2,NSGA2,182,0.01447889999999985,0.3930244294078839
DTLZ2,NSGA3,91,0.0,0.4471903617978122
DTLZ2,NSGA3,182,0.016845999999999917,0.41144369536215847
