seed,problem,algorithm,n_eval,n_gen,gd+
0,wfg1,nsga2,100,1,1.443992833244452
0,wfg1,nsga2,200,2,1.4316042381419436
0,wfg1,nsga2,300,3,1.4242769494685599
0,wfg1,nsga2,400,4,1.401235045788918
0,wfg1,nsga2,500,5,1.3714542206140954
